States,date,Total positive,Total negaitive,Total test,Total Deaths,votes_dem,votes_gop,Party Score
Alabama,Apr,6038.0,73879.0,79917.0,4044,718084.0,1306925.0,0.5494454540237581
Alabama,Aug,38335.0,257485.0,289359.0,58883,718084.0,1306925.0,0.5494454540237581
Alabama,Jul,49678.0,233137.0,280879.0,38436,718084.0,1306925.0,0.5494454540237581
Alabama,Jun,20142.0,168957.0,184836.0,23697,718084.0,1306925.0,0.5494454540237581
Alabama,Mar,981.0,6288.0,7269.0,42,718084.0,1306925.0,0.5494454540237581
Alabama,May,10884.0,119473.0,134111.0,14438,718084.0,1306925.0,0.5494454540237581
Alabama,Oct,19827.0,118084.0,133536.0,53320,718084.0,1306925.0,0.5494454540237581
Alabama,Sep,28643.0,135246.0,155658.0,71419,718084.0,1306925.0,0.5494454540237581
Alaska,Apr,236.0,15170.0,15406.0,173,2697087.0,3781977.0,0.7131420947298199
Alaska,Aug,2448.0,113076.0,115524.0,843,2697087.0,3781977.0,0.7131420947298199
Alaska,Jul,2737.0,118184.0,120921.0,496,2697087.0,3781977.0,0.7131420947298199
Alaska,Jun,506.0,59984.0,60490.0,291,2697087.0,3781977.0,0.7131420947298199
Alaska,Mar,119.0,3548.0,3667.0,8,2697087.0,3781977.0,0.7131420947298199
Alaska,May,79.0,32497.0,32576.0,243,2697087.0,3781977.0,0.7131420947298199
Alaska,Oct,3652.0,85666.0,89318.0,1148,2697087.0,3781977.0,0.7131420947298199
Alaska,Sep,2655.0,105922.0,108577.0,1265,2697087.0,3781977.0,0.7131420947298199
Arizona,Apr,6359.0,46056.0,52415.0,4870,936250.0,1021154.0,0.9168548524512463
Arizona,Aug,27825.0,242861.0,268955.0,138063,936250.0,1021154.0,0.9168548524512463
Arizona,Feb,0.0,0.0,0.0,0,936250.0,1021154.0,0.9168548524512463
Arizona,Jan,0.0,0.0,0.0,0,936250.0,1021154.0,0.9168548524512463
Arizona,Jul,94795.0,306592.0,401821.0,79906,936250.0,1021154.0,0.9168548524512463
Arizona,Jun,59279.0,247871.0,306716.0,37510,936250.0,1021154.0,0.9168548524512463
Arizona,Mar,1287.0,18055.0,19342.0,118,936250.0,1021154.0,0.9168548524512463
Arizona,May,12288.0,141132.0,153420.0,19864,936250.0,1021154.0,0.9168548524512463
Arizona,Oct,14430.0,176034.0,189770.0,115149,936250.0,1021154.0,0.9168548524512463
Arizona,Sep,16672.0,241047.0,254877.0,161423,936250.0,1021154.0,0.9168548524512463
Arkansas,Apr,2732.0,39165.0,41897.0,1007,378729.0,677904.0,0.5586764497627983
Arkansas,Aug,18713.0,204853.0,224318.0,19077,378729.0,677904.0,0.5586764497627983
Arkansas,Jul,21734.0,170532.0,191514.0,10829,378729.0,677904.0,0.5586764497627983
Arkansas,Jun,13524.0,168164.0,181688.0,5895,378729.0,677904.0,0.5586764497627983
Arkansas,Mar,523.0,5947.0,6470.0,36,378729.0,677904.0,0.5586764497627983
Arkansas,May,3998.0,77138.0,81136.0,3137,378729.0,677904.0,0.5586764497627983
Arkansas,Oct,16744.0,188127.0,201935.0,31130,378729.0,677904.0,0.5586764497627983
Arkansas,Sep,22473.0,283296.0,302682.0,32549,378729.0,677904.0,0.5586764497627983
California,Apr,41435.0,554648.0,596083.0,30176,7362490.0,3916209.0,1.8800043613606934
California,Aug,210497.0,3351767.0,3562264.0,349458,7362490.0,3916209.0,1.8800043613606934
California,Feb,0.0,0.0,0.0,0,7362490.0,3916209.0,1.8800043613606934
California,Jan,0.0,0.0,0.0,0,7362490.0,3916209.0,1.8800043613606934
California,Jul,264856.0,3379046.0,3643902.0,232621,7362490.0,3916209.0,1.8800043613606934
California,Jun,118149.0,2104142.0,2222291.0,155690,7362490.0,3916209.0,1.8800043613606934
California,Mar,7429.0,21310.0,28739.0,1113,7362490.0,3916209.0,1.8800043613606934
California,May,61666.0,1257845.0,1319511.0,99379,7362490.0,3916209.0,1.8800043613606934
California,Oct,63452.0,2420416.0,2483868.0,330945,7362490.0,3916209.0,1.8800043613606934
California,Sep,106540.0,3225357.0,3331897.0,438311,7362490.0,3916209.0,1.8800043613606934
Colorado,Apr,12131.0,43564.0,60752.0,11715,1212209.0,1137455.0,1.0657204021257984
Colorado,Aug,11019.0,172531.0,323979.0,58799,1212209.0,1137455.0,1.0657204021257984
Colorado,Jul,13693.0,188796.0,290010.0,54290,1212209.0,1137455.0,1.0657204021257984
Colorado,Jun,6413.0,136817.0,183325.0,48035,1212209.0,1137455.0,1.0657204021257984
Colorado,Mar,2625.0,12718.0,17107.0,344,1212209.0,1137455.0,1.0657204021257984
Colorado,May,11340.0,98228.0,127629.0,35594,1212209.0,1137455.0,1.0657204021257984
Colorado,Oct,16349.0,171779.0,367270.0,42745,1212209.0,1137455.0,1.0657204021257984
Colorado,Sep,12802.0,184454.0,338378.0,60271,1212209.0,1137455.0,1.0657204021257984
Connecticut,Apr,24572.0,56404.0,80976.0,29752,884432.0,668266.0,1.3234729883010656
Connecticut,Aug,3069.0,376031.0,379100.0,138000,884432.0,668266.0,1.3234729883010656
Connecticut,Jul,3296.0,312342.0,315638.0,135762,884432.0,668266.0,1.3234729883010656
Connecticut,Jun,4313.0,223999.0,228312.0,125398,884432.0,668266.0,1.3234729883010656
Connecticut,Mar,3128.0,13029.0,16157.0,283,884432.0,668266.0,1.3234729883010656
Connecticut,May,14501.0,138412.0,152913.0,101014,884432.0,668266.0,1.3234729883010656
Connecticut,Oct,6905.0,453364.0,460269.0,90608,884432.0,668266.0,1.3234729883010656
Connecticut,Sep,4671.0,416226.0,420897.0,134566,884432.0,668266.0,1.3234729883010656
Delaware,Apr,4415.0,13390.0,17805.0,1840,235581.0,185103.0,1.2727022252475648
Delaware,Aug,2641.0,53161.0,55802.0,18439,235581.0,185103.0,1.2727022252475648
Delaware,Jul,3314.0,66852.0,70166.0,16554,235581.0,185103.0,1.2727022252475648
Delaware,Jun,1976.0,48234.0,50210.0,13062,235581.0,185103.0,1.2727022252475648
Delaware,Mar,319.0,3679.0,3998.0,31,235581.0,185103.0,1.2727022252475648
Delaware,May,4764.0,34087.0,38851.0,8381,235581.0,185103.0,1.2727022252475648
Delaware,Oct,2712.0,41452.0,44164.0,13078,235581.0,185103.0,1.2727022252475648
Delaware,Sep,3184.0,46529.0,49713.0,18572,235581.0,185103.0,1.2727022252475648
District of Columbia,Apr,3828.0,12494.0,16322.0,2651,260223.0,11553.0,22.52427940794599
District of Columbia,Aug,1866.0,100075.0,101941.0,18495,260223.0,11553.0,22.52427940794599
District of Columbia,Jul,1799.0,89647.0,91446.0,17731,260223.0,11553.0,22.52427940794599
District of Columbia,Jun,1526.0,49286.0,50812.0,15437,260223.0,11553.0,22.52427940794599
District of Columbia,Mar,495.0,3254.0,3749.0,41,260223.0,11553.0,22.52427940794599
District of Columbia,May,4478.0,21926.0,26404.0,11296,260223.0,11553.0,22.52427940794599
District of Columbia,Oct,1119.0,84828.0,85947.0,12708,260223.0,11553.0,22.52427940794599
District of Columbia,Sep,1334.0,95844.0,97178.0,18516,260223.0,11553.0,22.52427940794599
Florida,Apr,27352.0,294430.0,321782.0,19495,4485745.0,4605515.0,0.9739942221445376
Florida,Aug,153085.0,834366.0,987451.0,287667,4485745.0,4605515.0,0.9739942221445376
Florida,Jul,317952.0,1365141.0,1683093.0,149112,4485745.0,4605515.0,0.9739942221445376
Florida,Jun,96271.0,827375.0,923646.0,89605,4485745.0,4605515.0,0.9739942221445376
Florida,Mar,6336.0,54261.0,60597.0,489,4485745.0,4605515.0,0.9739942221445376
Florida,May,22473.0,616471.0,638944.0,59664,4485745.0,4605515.0,0.9739942221445376
Florida,Oct,53873.0,412890.0,466763.0,305578,4485745.0,4605515.0,0.9739942221445376
Florida,Sep,83045.0,602600.0,685645.0,385716,4485745.0,4605515.0,0.9739942221445376
Georgia,Apr,22226.0,110637.0,132863.0,18051,1837300.0,2068623.0,0.8881753707659636
Georgia,Aug,84119.0,684828.0,768947.0,142202,1837300.0,2068623.0,0.8881753707659636
Georgia,Jul,105061.0,635748.0,740809.0,96401,1837300.0,2068623.0,0.8881753707659636
Georgia,Jun,34305.0,334048.0,368353.0,73197,1837300.0,2068623.0,0.8881753707659636
Georgia,Mar,3927.0,12252.0,16179.0,699,1837300.0,2068623.0,0.8881753707659636
Georgia,May,20831.0,295650.0,316481.0,48939,1837300.0,2068623.0,0.8881753707659636
Georgia,Oct,24412.0,369745.0,394157.0,144173,1837300.0,2068623.0,0.8881753707659636
Georgia,Sep,47555.0,542490.0,590045.0,188261,1837300.0,2068623.0,0.8881753707659636
Guam,Apr,77.0,1591.0,1668.0,156,,,
Guam,Aug,1039.0,14963.0,16002.0,222,,,
Guam,Jul,97.0,8470.0,8567.0,186,,,
Guam,Jun,86.0,7127.0,7213.0,180,,,
Guam,Mar,66.0,348.0,414.0,11,,,
Guam,May,27.0,3967.0,3994.0,186,,,
Guam,Oct,1398.0,8994.0,10392.0,1188,,,
Guam,Sep,1093.0,11137.0,12230.0,873,,,
Hawaii,Apr,409.0,21556.0,22807.0,274,266827.0,128815.0,2.071396964639211
Hawaii,Aug,6350.0,69001.0,106303.0,1257,266827.0,128815.0,2.071396964639211
Hawaii,Jul,1089.0,42536.0,59158.0,673,266827.0,128815.0,2.071396964639211
Hawaii,Jun,249.0,22874.0,36859.0,514,266827.0,128815.0,2.071396964639211
Hawaii,Mar,204.0,8471.0,8827.0,1,266827.0,128815.0,2.071396964639211
Hawaii,May,38.0,23942.0,21742.0,525,266827.0,128815.0,2.071396964639211
Hawaii,Oct,1793.0,10942.0,67917.0,3360,266827.0,128815.0,2.071396964639211
Hawaii,Sep,4130.0,95831.0,155685.0,3146,266827.0,128815.0,2.071396964639211
Idaho,Apr,1569.0,21565.0,22981.0,1098,189677.0,407199.0,0.4658091007099723
Idaho,Aug,11621.0,65282.0,75818.0,8590,189677.0,407199.0,0.4658091007099723
Idaho,Jul,14494.0,75313.0,89121.0,3800,189677.0,407199.0,0.4658091007099723
Idaho,Jun,2913.0,39693.0,42327.0,2628,189677.0,407199.0,0.4658091007099723
Idaho,Mar,415.0,5204.0,5619.0,34,189677.0,407199.0,0.4658091007099723
Idaho,May,855.0,16996.0,17743.0,2266,189677.0,407199.0,0.4658091007099723
Idaho,Oct,12356.0,38605.0,48676.0,10157,189677.0,407199.0,0.4658091007099723
Idaho,Sep,9567.0,44861.0,53004.0,12732,189677.0,407199.0,0.4658091007099723
Illinois,Apr,46924.0,187718.0,234642.0,32642,2977498.0,2118179.0,1.4056876213011271
Illinois,Aug,56607.0,1308407.0,1365014.0,247518,2977498.0,2118179.0,1.4056876213011271
Illinois,Feb,0.0,0.0,0.0,0,2977498.0,2118179.0,1.4056876213011271
Illinois,Jan,0.0,0.0,0.0,0,2977498.0,2118179.0,1.4056876213011271
Illinois,Jul,35880.0,1060951.0,1096831.0,230706,2977498.0,2118179.0,1.4056876213011271
Illinois,Jun,23978.0,681781.0,705759.0,195076,2977498.0,2118179.0,1.4056876213011271
Illinois,Mar,5990.0,29107.0,35097.0,450,2977498.0,2118179.0,1.4056876213011271
Illinois,May,67342.0,561050.0,628392.0,125228,2977498.0,2118179.0,1.4056876213011271
Illinois,Oct,58699.0,1200891.0,1259590.0,184982,2977498.0,2118179.0,1.4056876213011271
Illinois,Sep,59038.0,1502410.0,1561448.0,258320,2977498.0,2118179.0,1.4056876213011271
Indiana,Apr,15676.0,65949.0,103033.0,16218,1031953.0,1556220.0,0.6631151122591922
Indiana,Aug,28042.0,301522.0,533067.0,97177,1031953.0,1556220.0,0.6631151122591922
Indiana,Jul,20560.0,242627.0,379812.0,86855,1031953.0,1556220.0,0.6631151122591922
Indiana,Jun,11020.0,211630.0,280118.0,73069,1031953.0,1556220.0,0.6631151122591922
Indiana,Mar,2159.0,11214.0,24323.0,313,1031953.0,1556220.0,0.6631151122591922
Indiana,May,16739.0,149809.0,208962.0,52744,1031953.0,1556220.0,0.6631151122591922
Indiana,Oct,30645.0,161855.0,418144.0,75864,1031953.0,1556220.0,0.6631151122591922
Indiana,Sep,25823.0,277080.0,603930.0,103916,1031953.0,1556220.0,0.6631151122591922
Iowa,Apr,6648.0,28634.0,35282.0,1947,650790.0,798923.0,0.8145841338902498
Iowa,Aug,18746.0,127714.0,146460.0,30669,650790.0,798923.0,0.8145841338902498
Iowa,Jul,15575.0,154649.0,170224.0,24212,650790.0,798923.0,0.8145841338902498
Iowa,Jun,9455.0,138437.0,147892.0,19631,650790.0,798923.0,0.8145841338902498
Iowa,Mar,497.0,6873.0,7370.0,26,650790.0,798923.0,0.8145841338902498
Iowa,May,12407.0,101222.0,113629.0,10769,650790.0,798923.0,0.8145841338902498
Iowa,Oct,17415.0,55436.0,72851.0,29253,650790.0,798923.0,0.8145841338902498
Iowa,Sep,22268.0,121727.0,143995.0,37216,650790.0,798923.0,0.8145841338902498
Kansas,Apr,3810.0,22392.0,26202.0,2241,414788.0,656009.0,0.6322901057759879
Kansas,Aug,14800.0,105942.0,120742.0,12644,414788.0,656009.0,0.6322901057759879
Kansas,Jul,13369.0,102413.0,115782.0,9654,414788.0,656009.0,0.6322901057759879
Kansas,Jun,4724.0,77052.0,81776.0,7457,414788.0,656009.0,0.6322901057759879
Kansas,Mar,428.0,4992.0,5420.0,60,414788.0,656009.0,0.6322901057759879
Kansas,May,5481.0,57842.0,63323.0,5676,414788.0,656009.0,0.6322901057759879
Kansas,Oct,13219.0,63725.0,76944.0,15540,414788.0,656009.0,0.6322901057759879
Kansas,Sep,17137.0,91064.0,108201.0,16808,414788.0,656009.0,0.6322901057759879
Kentucky,Apr,4059.0,43232.0,47291.0,3889,628834.0,1202942.0,0.5227467325939239
Kentucky,Aug,18245.0,215252.0,231060.0,26308,628834.0,1202942.0,0.5227467325939239
Kentucky,Jul,14527.0,202362.0,215676.0,20877,628834.0,1202942.0,0.5227467325939239
Kentucky,Jun,5920.0,151261.0,156814.0,15726,628834.0,1202942.0,0.5227467325939239
Kentucky,Mar,480.0,6323.0,6803.0,84,628834.0,1202942.0,0.5227467325939239
Kentucky,May,5165.0,154487.0,159485.0,10848,628834.0,1202942.0,0.5227467325939239
Kentucky,Oct,20704.0,315015.0,330910.0,25997,628834.0,1202942.0,0.5227467325939239
Kentucky,Sep,20444.0,542845.0,558851.0,33249,628834.0,1202942.0,0.5227467325939239
Louisiana,Apr,22764.0,99578.0,122342.0,32872,779535.0,1178004.0,0.6617422351706785
Louisiana,Aug,32614.0,498633.0,531247.0,139101,779535.0,1178004.0,0.6617422351706785
Louisiana,Jul,58185.0,555547.0,613732.0,109304,779535.0,1178004.0,0.6617422351706785
Louisiana,Jun,18179.0,335223.0,353402.0,91082,779535.0,1178004.0,0.6617422351706785
Louisiana,Mar,5237.0,33725.0,38962.0,1137,779535.0,1178004.0,0.6617422351706785
Louisiana,May,11915.0,201885.0,213800.0,75798,779535.0,1178004.0,0.6617422351706785
Louisiana,Oct,12311.0,285542.0,297853.0,112994,779535.0,1178004.0,0.6617422351706785
Louisiana,Sep,18564.0,426550.0,445114.0,157941,779535.0,1178004.0,0.6617422351706785
Maine,Apr,792.0,13458.0,14250.0,843,354873.0,334838.0,1.0598349052377567
Maine,Aug,614.0,95154.0,95768.0,3951,354873.0,334838.0,1.0598349052377567
Maine,Jul,659.0,71556.0,72215.0,3546,354873.0,334838.0,1.0598349052377567
Maine,Jun,928.0,44415.0,45343.0,3010,354873.0,334838.0,1.0598349052377567
Maine,Mar,303.0,6046.0,6349.0,13,354873.0,334838.0,1.0598349052377567
Maine,May,1230.0,27738.0,28968.0,2180,354873.0,334838.0,1.0598349052377567
Maine,Oct,598.0,118396.0,118994.0,2867,354873.0,334838.0,1.0598349052377567
Maine,Sep,865.0,171300.0,172165.0,4108,354873.0,334838.0,1.0598349052377567
Maryland,Apr,20082.0,77749.0,103067.0,13760,1497951.0,873646.0,1.714597216721647
Maryland,Aug,19903.0,399759.0,729623.0,112721,1497951.0,873646.0,1.714597216721647
Maryland,Jul,20787.0,354549.0,562204.0,103834,1497951.0,873646.0,1.714597216721647
Maryland,Jun,14781.0,219193.0,303883.0,88044,1497951.0,873646.0,1.714597216721647
Maryland,Mar,1660.0,14851.0,15258.0,84,1497951.0,873646.0,1.714597216721647
Maryland,May,31036.0,156486.0,224811.0,59244,1497951.0,873646.0,1.714597216721647
Maryland,Oct,12019.0,194879.0,515886.0,79939,1497951.0,873646.0,1.714597216721647
Maryland,Sep,16476.0,270678.0,667067.0,115669,1497951.0,873646.0,1.714597216721647
Massachusetts,Apr,55684.0,173002.0,289737.0,42952,1964768.0,1083069.0,1.8140746342107474
Massachusetts,Aug,10921.0,543166.0,801930.0,273880,1964768.0,1083069.0,1.8140746342107474
Massachusetts,Feb,0.0,0.0,15.0,0,1964768.0,1083069.0,1.8140746342107474
Massachusetts,Jul,8730.0,331559.0,498946.0,259483,1964768.0,1083069.0,1.8140746342107474
Massachusetts,Jun,11917.0,243371.0,354116.0,228975,1964768.0,1083069.0,1.8140746342107474
Massachusetts,Mar,6521.0,40440.0,63975.0,340,1964768.0,1083069.0,1.8140746342107474
Massachusetts,May,34760.0,282446.0,395703.0,170827,1964768.0,1083069.0,1.8140746342107474
Massachusetts,Oct,13348.0,302781.0,1255424.0,192184,1964768.0,1083069.0,1.8140746342107474
Massachusetts,Sep,3583.0,490465.0,1646191.0,277353,1964768.0,1083069.0,1.8140746342107474
Michigan,Apr,28851.0,142610.0,171461.0,59519,2268193.0,2279805.0,0.9949065819225767
Michigan,Aug,22451.0,897533.0,919984.0,204451,2268193.0,2279805.0,0.9949065819225767
Michigan,Jul,19846.0,779544.0,799390.0,196370,2268193.0,2279805.0,0.9949065819225767
Michigan,Jun,7160.0,407137.0,414297.0,179464,2268193.0,2279805.0,0.9949065819225767
Michigan,Mar,18282.0,26298.0,44580.0,967,2268193.0,2279805.0,0.9949065819225767
Michigan,May,16063.0,398248.0,414311.0,148969,2268193.0,2279805.0,0.9949065819225767
Michigan,Oct,27980.0,709949.0,737929.0,144550,2268193.0,2279805.0,0.9949065819225767
Michigan,Sep,24989.0,858442.0,883431.0,207890,2268193.0,2279805.0,0.9949065819225767
Minnesota,Apr,7200.0,52414.0,59614.0,3818,1366676.0,1322891.0,1.0330979649872891
Minnesota,Aug,21401.0,272268.0,464810.0,54441,1366676.0,1322891.0,1.0330979649872891
Minnesota,Jul,18160.0,210878.0,419600.0,48459,1366676.0,1322891.0,1.0330979649872891
Minnesota,Jun,9981.0,311880.0,321861.0,39472,1366676.0,1322891.0,1.0330979649872891
Minnesota,Mar,915.0,20899.0,21814.0,47,1366676.0,1322891.0,1.0330979649872891
Minnesota,May,18206.0,183784.0,201990.0,21878,1366676.0,1322891.0,1.0330979649872891
Minnesota,Oct,26397.0,259167.0,492832.0,43914,1366676.0,1322891.0,1.0330979649872891
Minnesota,Sep,23270.0,263408.0,540441.0,59400,1366676.0,1322891.0,1.0330979649872891
Mississippi,Apr,5878.0,55988.0,61866.0,3972,462001.0,678457.0,0.6809584100392508
Mississippi,Aug,24203.0,95157.0,119360.0,64526,462001.0,678457.0,0.6809584100392508
Mississippi,Jul,31500.0,135459.0,166959.0,40931,462001.0,678457.0,0.6809584100392508
Mississippi,Jun,11746.0,103963.0,115709.0,27336,462001.0,678457.0,0.6809584100392508
Mississippi,Mar,937.0,3537.0,4474.0,88,462001.0,678457.0,0.6809584100392508
Mississippi,May,8686.0,96811.0,105497.0,15804,462001.0,678457.0,0.6809584100392508
Mississippi,Oct,13132.0,90701.0,103833.0,61827,462001.0,678457.0,0.6809584100392508
Mississippi,Sep,15240.0,147928.0,163168.0,82125,462001.0,678457.0,0.6809584100392508
Missouri,Apr,6235.0,58511.0,64881.0,5056,1054889.0,1585753.0,0.6652290741370188
Missouri,Aug,34374.0,261808.0,398436.0,45188,1054889.0,1585753.0,0.6652290741370188
Missouri,Jul,28772.0,284994.0,471477.0,35764,1054889.0,1585753.0,0.6652290741370188
Missouri,Jun,8404.0,171042.0,240564.0,27450,1054889.0,1585753.0,0.6652290741370188
Missouri,Mar,1327.0,14614.0,19166.0,96,1054889.0,1585753.0,0.6652290741370188
Missouri,May,5585.0,107289.0,99580.0,17904,1054889.0,1585753.0,0.6652290741370188
Missouri,Oct,33512.0,56727.0,449305.0,48720,1054889.0,1585753.0,0.6652290741370188
Missouri,Sep,41416.0,280014.0,553242.0,56366,1054889.0,1585753.0,0.6652290741370188
Montana,Apr,269.0,9227.0,9496.0,280,174521.0,274120.0,0.6366591273894645
Montana,Aug,3456.0,76812.0,80268.0,2566,174521.0,274120.0,0.6366591273894645
Montana,Jul,2998.0,76111.0,79109.0,1109,174521.0,274120.0,0.6366591273894645
Montana,Jun,452.0,50611.0,51063.0,581,174521.0,274120.0,0.6366591273894645
Montana,Mar,183.0,4200.0,4383.0,12,174521.0,274120.0,0.6366591273894645
Montana,May,62.0,25822.0,25884.0,502,174521.0,274120.0,0.6366591273894645
Montana,Oct,11022.0,90841.0,101863.0,4231,174521.0,274120.0,0.6366591273894645
Montana,Sep,5650.0,87270.0,92920.0,4277,174521.0,274120.0,0.6366591273894645
Nebraska,Apr,3612.0,18606.0,22218.0,866,273858.0,485819.0,0.5637037662174595
Nebraska,Aug,8280.0,82115.0,90395.0,11402,273858.0,485819.0,0.5637037662174595
Nebraska,Feb,0.0,0.0,0.0,0,273858.0,485819.0,0.5637037662174595
Nebraska,Jul,6724.0,86075.0,92799.0,9469,273858.0,485819.0,0.5637037662174595
Nebraska,Jun,5137.0,71878.0,77015.0,6926,273858.0,485819.0,0.5637037662174595
Nebraska,Mar,172.0,2914.0,3086.0,13,273858.0,485819.0,0.5637037662174595
Nebraska,May,10121.0,65700.0,75821.0,3841,273858.0,485819.0,0.5637037662174595
Nebraska,Oct,13773.0,77258.0,91031.0,10585,273858.0,485819.0,0.5637037662174595
Nebraska,Sep,10998.0,83289.0,94287.0,13519,273858.0,485819.0,0.5637037662174595
Nevada,Apr,3885.0,26307.0,30192.0,4029,537753.0,511319.0,1.0516976681875698
Nevada,Aug,21140.0,106878.0,128018.0,33381,537753.0,511319.0,1.0516976681875698
Nevada,Jul,29632.0,162703.0,192335.0,19854,537753.0,511319.0,1.0516976681875698
Nevada,Jun,9863.0,125145.0,135008.0,14008,537753.0,511319.0,1.0516976681875698
Nevada,Mar,1112.0,10667.0,11779.0,123,537753.0,511319.0,1.0516976681875698
Nevada,May,3595.0,96979.0,100574.0,10678,537753.0,511319.0,1.0516976681875698
Nevada,Oct,11519.0,41988.0,53507.0,33293,537753.0,511319.0,1.0516976681875698
Nevada,Sep,10752.0,89423.0,100175.0,44410,537753.0,511319.0,1.0516976681875698
New Hampshire,Apr,1740.0,14454.0,17623.0,1009,348521.0,345789.0,1.0079007718579827
New Hampshire,Aug,731.0,51876.0,94067.0,13146,348521.0,345789.0,1.0079007718579827
New Hampshire,Jul,784.0,39227.0,82634.0,12246,348521.0,345789.0,1.0079007718579827
New Hampshire,Jun,1215.0,46803.0,71535.0,9573,348521.0,345789.0,1.0079007718579827
New Hampshire,Mar,312.0,5403.0,6234.0,17,348521.0,345789.0,1.0079007718579827
New Hampshire,May,2491.0,45868.0,55996.0,5085,348521.0,345789.0,1.0079007718579827
New Hampshire,Oct,1480.0,39613.0,98087.0,9082,348521.0,345789.0,1.0079007718579827
New Hampshire,Sep,991.0,61806.0,117380.0,13080,348521.0,345789.0,1.0079007718579827
New Jersey,Apr,99956.0,102189.0,202145.0,102708,2021756.0,1535513.0,1.3166648540259835
New Jersey,Aug,10300.0,751289.0,761589.0,492942,2021756.0,1535513.0,1.3166648540259835
New Jersey,Jul,9993.0,663962.0,673955.0,482461,2021756.0,1535513.0,1.3166648540259835
New Jersey,Jun,11222.0,665007.0,676229.0,388821,2021756.0,1535513.0,1.3166648540259835
New Jersey,Mar,18696.0,27077.0,45773.0,1165,2021756.0,1535513.0,1.3166648540259835
New Jersey,May,41793.0,456434.0,498227.0,308935,2021756.0,1535513.0,1.3166648540259835
New Jersey,Oct,16918.0,605350.0,622268.0,323439,2021756.0,1535513.0,1.3166648540259835
New Jersey,Sep,13315.0,741799.0,755114.0,481278,2021756.0,1535513.0,1.3166648540259835
New Mexico,Apr,2932.0,49626.0,52558.0,1472,380724.0,315875.0,1.2052995647012268
New Mexico,Aug,4895.0,200401.0,205296.0,22130,380724.0,315875.0,1.2052995647012268
New Mexico,Jul,8406.0,205511.0,213917.0,17513,380724.0,315875.0,1.2052995647012268
New Mexico,Jun,4358.0,138915.0,143273.0,13155,380724.0,315875.0,1.2052995647012268
New Mexico,Mar,281.0,12177.0,12458.0,16,380724.0,315875.0,1.2052995647012268
New Mexico,May,4411.0,124951.0,129362.0,7739,380724.0,315875.0,1.2052995647012268
New Mexico,Oct,8145.0,138137.0,146282.0,18198,380724.0,315875.0,1.2052995647012268
New Mexico,Sep,3874.0,154179.0,158053.0,24979,380724.0,315875.0,1.2052995647012268
New York,Apr,228577.0,466873.0,695450.0,425198,4143874.0,2640570.0,1.569310414039393
New York,Aug,19742.0,2354054.0,2373796.0,1005469,4143874.0,2640570.0,1.569310414039393
New York,Jul,21560.0,1952739.0,1974299.0,995461,4143874.0,2640570.0,1.569310414039393
New York,Jun,22684.0,1828429.0,1851113.0,918476,4143874.0,2640570.0,1.569310414039393
New York,Mar,75789.0,129343.0,205132.0,7943,4143874.0,2640570.0,1.569310414039393
New York,May,66398.0,1096791.0,1163189.0,854088,4143874.0,2640570.0,1.569310414039393
New York,Oct,27831.0,2297571.0,2325402.0,657672,4143874.0,2640570.0,1.569310414039393
New York,Sep,23893.0,2460387.0,2484280.0,979548,4143874.0,2640570.0,1.569310414039393
North Carolina,Apr,9011.0,95919.0,104930.0,4804,2162074.0,2339603.0,0.9241200323302714
North Carolina,Aug,45165.0,453905.0,499070.0,73585,2162074.0,2339603.0,0.9241200323302714
North Carolina,Jul,57478.0,789591.0,847069.0,50375,2162074.0,2339603.0,0.9241200323302714
North Carolina,Jun,36081.0,457663.0,493744.0,34879,2162074.0,2339603.0,0.9241200323302714
North Carolina,Mar,1497.0,21608.0,23105.0,32,2162074.0,2339603.0,0.9241200323302714
North Carolina,May,18080.0,270173.0,288253.0,20390,2162074.0,2339603.0,0.9241200323302714
North Carolina,Oct,38118.0,598804.0,636922.0,75951,2162074.0,2339603.0,0.9241200323302714
North Carolina,Sep,43319.0,735380.0,778699.0,94769,2162074.0,2339603.0,0.9241200323302714
North Dakota,Apr,950.0,22262.0,24928.0,296,93526.0,216133.0,0.4327242947629469
North Dakota,Aug,5349.0,42450.0,154681.0,3967,93526.0,216133.0,0.4327242947629469
North Dakota,Jul,2887.0,44949.0,123041.0,2956,93526.0,216133.0,0.4327242947629469
North Dakota,Jun,998.0,33083.0,85809.0,2366,93526.0,216133.0,0.4327242947629469
North Dakota,Mar,117.0,4125.0,4068.0,9,93526.0,216133.0,0.4327242947629469
North Dakota,May,1509.0,43070.0,63656.0,1330,93526.0,216133.0,0.4327242947629469
North Dakota,Oct,11820.0,21260.0,132877.0,6764,93526.0,216133.0,0.4327242947629469
North Dakota,Sep,10036.0,29701.0,157297.0,5601,93526.0,216133.0,0.4327242947629469
Northern Mariana Islands,Apr,12.0,585.0,597.0,54,,,
Northern Mariana Islands,Aug,14.0,1765.0,1779.0,62,,,
Northern Mariana Islands,Jul,12.0,3532.0,3544.0,62,,,
Northern Mariana Islands,Jun,8.0,2036.0,2044.0,60,,,
Northern Mariana Islands,Mar,2.0,0.0,2.0,0,,,
Northern Mariana Islands,May,8.0,5566.0,5574.0,62,,,
Northern Mariana Islands,Oct,18.0,611.0,629.0,40,,,
Northern Mariana Islands,Sep,14.0,1628.0,1642.0,60,,,
Ohio,Apr,15828.0,88871.0,104699.0,12517,2317001.0,2771984.0,0.8358637712194587
Ohio,Aug,31998.0,743772.0,775770.0,118706,2317001.0,2771984.0,0.8358637712194587
Ohio,Jul,39370.0,641035.0,680405.0,97128,2317001.0,2771984.0,0.8358637712194587
Ohio,Jun,16276.0,380745.0,397021.0,77119,2317001.0,2771984.0,0.8358637712194587
Ohio,Mar,2199.0,26982.0,29181.0,219,2317001.0,2771984.0,0.8358637712194587
Ohio,May,17486.0,239532.0,257018.0,49709,2317001.0,2771984.0,0.8358637712194587
Ohio,Oct,31652.0,781827.0,813479.0,99832,2317001.0,2771984.0,0.8358637712194587
Ohio,Sep,30830.0,891001.0,921831.0,134914,2317001.0,2771984.0,0.8358637712194587
Oklahoma,Apr,3053.0,58575.0,61628.0,3692,419788.0,947934.0,0.44284517698489556
Oklahoma,Aug,22246.0,217454.0,239700.0,20766,419788.0,947934.0,0.44284517698489556
Oklahoma,Jul,22730.0,261251.0,283981.0,13870,419788.0,947934.0,0.44284517698489556
Oklahoma,Jun,7251.0,141140.0,148391.0,10849,419788.0,947934.0,0.44284517698489556
Oklahoma,Mar,564.0,1229.0,1793.0,101,419788.0,947934.0,0.44284517698489556
Oklahoma,May,2888.0,126896.0,129784.0,8877,419788.0,947934.0,0.44284517698489556
Oklahoma,Oct,22349.0,240633.0,262982.0,22102,419788.0,947934.0,0.44284517698489556
Oklahoma,Sep,28466.0,310284.0,338750.0,27571,419788.0,947934.0,0.44284517698489556
Oregon,Apr,1820.0,40386.0,42206.0,1829,934631.0,742506.0,1.2587521178280041
Oregon,Aug,8221.0,144814.0,153035.0,12219,934631.0,742506.0,1.2587521178280041
Oregon,Feb,0.0,0.0,0.0,0,934631.0,742506.0,1.2587521178280041
Oregon,Jul,9836.0,156723.0,166559.0,7946,934631.0,742506.0,1.2587521178280041
Oregon,Jun,4413.0,104020.0,108433.0,5420,934631.0,742506.0,1.2587521178280041
Oregon,Mar,687.0,13107.0,13794.0,129,934631.0,742506.0,1.2587521178280041
Oregon,May,1733.0,71436.0,73169.0,4161,934631.0,742506.0,1.2587521178280041
Oregon,Oct,6627.0,102817.0,109444.0,11965,934631.0,742506.0,1.2587521178280041
Oregon,Sep,6796.0,121849.0,128645.0,15457,934631.0,742506.0,1.2587521178280041
Pennsylvania,Apr,40920.0,137957.0,178877.0,30595,2844705.0,2912941.0,0.9765748774177025
Pennsylvania,Aug,21977.0,419371.0,441348.0,233003,2844705.0,2912941.0,0.9765748774177025
Pennsylvania,Jul,25442.0,427243.0,452685.0,217270,2844705.0,2912941.0,0.9765748774177025
Pennsylvania,Jun,14060.0,294470.0,308530.0,188226,2844705.0,2912941.0,0.9765748774177025
Pennsylvania,Mar,4841.0,37645.0,42486.0,268,2844705.0,2912941.0,0.9765748774177025
Pennsylvania,May,26783.0,207509.0,234292.0,134081,2844705.0,2912941.0,0.9765748774177025
Pennsylvania,Oct,25905.0,276512.0,302417.0,168263,2844705.0,2912941.0,0.9765748774177025
Pennsylvania,Sep,24942.0,354932.0,379874.0,239575,2844705.0,2912941.0,0.9765748774177025
Puerto Rico,Apr,1300.0,8118.0,9418.0,1450,,,
Puerto Rico,Aug,16418.0,0.0,16418.0,10262,,,
Puerto Rico,Jul,9316.0,113286.0,122602.0,5485,,,
Puerto Rico,Jun,3689.0,132264.0,135953.0,4380,,,
Puerto Rico,Mar,234.0,1186.0,1420.0,35,,,
Puerto Rico,May,2237.0,51109.0,53346.0,3633,,,
Puerto Rico,Oct,9888.0,0.0,9888.0,14474,,,
Puerto Rico,Sep,15556.0,0.0,15556.0,16703,,,
Rhode Island,Apr,8448.0,46556.0,62453.0,3459,249902.0,179421.0,1.3928246972205038
Rhode Island,Aug,2927.0,64954.0,160288.0,31771,249902.0,179421.0,1.3928246972205038
Rhode Island,Jul,2111.0,49822.0,108972.0,30536,249902.0,179421.0,1.3928246972205038
Rhode Island,Jun,1923.0,38382.0,91506.0,25484,249902.0,179421.0,1.3928246972205038
Rhode Island,Mar,566.0,3542.0,3897.0,17,249902.0,179421.0,1.3928246972205038
Rhode Island,May,5972.0,48690.0,97298.0,15471,249902.0,179421.0,1.3928246972205038
Rhode Island,Oct,3901.0,56553.0,215498.0,22704,249902.0,179421.0,1.3928246972205038
Rhode Island,Sep,2799.0,63905.0,245408.0,32422,249902.0,179421.0,1.3928246972205038
South Carolina,Apr,5012.0,45801.0,50813.0,3284,849469.0,1143611.0,0.7427954085786164
South Carolina,Aug,29976.0,226737.0,256713.0,70086,849469.0,1143611.0,0.7427954085786164
South Carolina,Jul,52617.0,259646.0,312263.0,35108,849469.0,1143611.0,0.7427954085786164
South Carolina,Jun,24538.0,155818.0,180356.0,18424,849469.0,1143611.0,0.7427954085786164
South Carolina,Mar,1083.0,4611.0,5694.0,127,849469.0,1143611.0,0.7427954085786164
South Carolina,May,5766.0,137938.0,143704.0,11736,849469.0,1143611.0,0.7427954085786164
South Carolina,Oct,17551.0,293273.0,310824.0,70874,849469.0,1143611.0,0.7427954085786164
South Carolina,Sep,28950.0,330600.0,359550.0,92881,849469.0,1143611.0,0.7427954085786164
South Dakota,Apr,2341.0,10970.0,13311.0,211,117442.0,227701.0,0.5157728775894704
South Dakota,Aug,4745.0,30149.0,34894.0,4707,117442.0,227701.0,0.5157728775894704
South Dakota,Jul,2000.0,29547.0,31547.0,3471,117442.0,227701.0,0.5157728775894704
South Dakota,Jun,1771.0,34189.0,35960.0,2282,117442.0,227701.0,0.5157728775894704
South Dakota,Mar,108.0,3604.0,3712.0,22,117442.0,227701.0,0.5157728775894704
South Dakota,May,2544.0,24556.0,27100.0,1278,117442.0,227701.0,0.5157728775894704
South Dakota,Oct,12068.0,31889.0,43957.0,5613,117442.0,227701.0,0.5157728775894704
South Dakota,Sep,8880.0,35360.0,44240.0,5746,117442.0,227701.0,0.5157728775894704
Tennessee,Apr,8496.0,141770.0,150266.0,3741,867110.0,1517402.0,0.5714438230607314
Tennessee,Aug,48974.0,638620.0,687594.0,42831,867110.0,1517402.0,0.5714438230607314
Tennessee,Jul,62450.0,657828.0,720278.0,24839,867110.0,1517402.0,0.5714438230607314
Tennessee,Jun,20503.0,336647.0,357150.0,14450,867110.0,1517402.0,0.5714438230607314
Tennessee,Mar,2238.0,25121.0,27359.0,59,867110.0,1517402.0,0.5714438230607314
Tennessee,May,12271.0,246080.0,258351.0,8850,867110.0,1517402.0,0.5714438230607314
Tennessee,Oct,37430.0,474950.0,512380.0,54246,867110.0,1517402.0,0.5714438230607314
Tennessee,Sep,41206.0,642151.0,683357.0,62682,867110.0,1517402.0,0.5714438230607314
Texas,Apr,24821.0,262487.0,287308.0,12274,3867816.0,4681590.0,0.8261757223507398
Texas,Aug,192023.0,1099778.0,1291801.0,320762,3867816.0,4681590.0,0.8261757223507398
Texas,Feb,0.0,0.0,0.0,0,3867816.0,4681590.0,0.8261757223507398
Texas,Jul,260960.0,1539510.0,1800470.0,126673,3867816.0,4681590.0,0.8261757223507398
Texas,Jun,95699.0,821718.0,917417.0,62054,3867816.0,4681590.0,0.8261757223507398
Texas,Mar,3265.0,39726.0,42991.0,270,3867816.0,4681590.0,0.8261757223507398
Texas,May,36200.0,585365.0,621565.0,40047,3867816.0,4681590.0,0.8261757223507398
Texas,Oct,84590.0,1122579.0,1207169.0,339797,3867816.0,4681590.0,0.8261757223507398
Texas,Sep,135998.0,1139606.0,1275604.0,440263,3867816.0,4681590.0,0.8261757223507398
Utah,Apr,3785.0,86203.0,89988.0,722,274188.0,452086.0,0.606495224359967
Utah,Aug,11911.0,119034.0,130945.0,11327,274188.0,452086.0,0.606495224359967
Utah,Feb,0.0,0.0,0.0,0,274188.0,452086.0,0.606495224359967
Utah,Jul,17979.0,170178.0,188157.0,7305,274188.0,452086.0,0.606495224359967
Utah,Jun,12420.0,114419.0,126839.0,4294,274188.0,452086.0,0.606495224359967
Utah,Mar,886.0,17626.0,18512.0,20,274188.0,452086.0,0.606495224359967
Utah,May,5125.0,100288.0,105413.0,2472,274188.0,452086.0,0.606495224359967
Utah,Oct,23601.0,132853.0,156454.0,10232,274188.0,452086.0,0.606495224359967
Utah,Sep,20935.0,149180.0,170115.0,13068,274188.0,452086.0,0.606495224359967
Vermont,Apr,559.0,10408.0,10967.0,958,178179.0,95053.0,1.8745226347406183
Vermont,Aug,210.0,41143.0,41353.0,1793,178179.0,95053.0,1.8745226347406183
Vermont,Jul,206.0,28398.0,28604.0,1738,178179.0,95053.0,1.8745226347406183
Vermont,Jun,227.0,31567.0,31794.0,1663,178179.0,95053.0,1.8745226347406183
Vermont,Mar,320.0,3949.0,4269.0,93,178179.0,95053.0,1.8745226347406183
Vermont,May,102.0,18632.0,18734.0,1651,178179.0,95053.0,1.8745226347406183
Vermont,Oct,204.0,16782.0,16986.0,1160,178179.0,95053.0,1.8745226347406183
Vermont,Sep,128.0,26878.0,27006.0,1740,178179.0,95053.0,1.8745226347406183
Virgin Islands,Apr,0.0,0.0,0.0,60,,,
Virgin Islands,Aug,0.0,0.0,0.0,319,,,
Virgin Islands,Jul,0.0,0.0,0.0,199,,,
Virgin Islands,Jun,0.0,0.0,0.0,180,,,
Virgin Islands,Mar,0.0,0.0,0.0,0,,,
Virgin Islands,May,0.0,0.0,0.0,167,,,
Virgin Islands,Oct,0.0,0.0,0.0,406,,,
Virgin Islands,Sep,0.0,0.0,0.0,548,,,
Virginia,Apr,14596.0,63512.0,91522.0,7019,1916845.0,1731156.0,1.1072630080709076
Virginia,Aug,30706.0,445098.0,473931.0,74189,1916845.0,1731156.0,1.1072630080709076
Virginia,Jul,27101.0,438612.0,451956.0,61641,1916845.0,1731156.0,1.1072630080709076
Virginia,Jun,18180.0,311463.0,301565.0,47056,1916845.0,1731156.0,1.1072630080709076
Virginia,Mar,1250.0,12130.0,14938.0,162,1916845.0,1731156.0,1.1072630080709076
Virginia,May,28761.0,195121.0,240924.0,30685,1916845.0,1731156.0,1.1072630080709076
Virginia,Oct,19483.0,345353.0,361952.0,66982,1916845.0,1731156.0,1.1072630080709076
Virginia,Sep,27677.0,443417.0,468697.0,86483,1916845.0,1731156.0,1.1072630080709076
Washington,Apr,8670.0,122522.0,131192.0,16938,1610524.0,1129120.0,1.4263532662604506
Washington,Aug,14370.0,350682.0,365052.0,57397,1610524.0,1129120.0,1.4263532662604506
Washington,Feb,18.0,24.0,42.0,1,1610524.0,1129120.0,1.4263532662604506
Washington,Jan,0.0,0.0,0.0,0,1610524.0,1129120.0,1.4263532662604506
Washington,Jul,23508.0,393010.0,416518.0,46101,1610524.0,1129120.0,1.4263532662604506
Washington,Jun,13564.0,282338.0,295902.0,36893,1610524.0,1129120.0,1.4263532662604506
Washington,Mar,6931.0,81439.0,88370.0,2377,1610524.0,1129120.0,1.4263532662604506
Washington,May,7259.0,157019.0,164278.0,30824,1610524.0,1129120.0,1.4263532662604506
Washington,Oct,11619.0,378318.0,389937.0,45882,1610524.0,1129120.0,1.4263532662604506
Washington,Sep,12722.0,380323.0,393045.0,63369,1610524.0,1129120.0,1.4263532662604506
West Virginia,Apr,956.0,39442.0,40398.0,515,187457.0,486198.0,0.3855569130272029
West Virginia,Aug,3608.0,148451.0,152059.0,4966,187457.0,486198.0,0.3855569130272029
West Virginia,Jul,3737.0,108487.0,112224.0,3101,187457.0,486198.0,0.3855569130272029
West Virginia,Jun,895.0,73247.0,74142.0,2613,187457.0,486198.0,0.3855569130272029
West Virginia,Mar,162.0,3901.0,4063.0,3,187457.0,486198.0,0.3855569130272029
West Virginia,May,892.0,52189.0,53081.0,1951,187457.0,486198.0,0.3855569130272029
West Virginia,Oct,4671.0,125570.0,130241.0,7584,187457.0,486198.0,0.3855569130272029
West Virginia,Sep,5598.0,119923.0,125521.0,8578,187457.0,486198.0,0.3855569130272029
Wisconsin,Apr,6467.0,52019.0,58486.0,5402,1380823.0,1403694.0,0.983706562826371
Wisconsin,Aug,23634.0,290705.0,314339.0,32504,1380823.0,1403694.0,0.983706562826371
Wisconsin,Feb,0.0,0.0,0.0,0,1380823.0,1403694.0,0.983706562826371
Wisconsin,Jul,25272.0,342610.0,367882.0,26417,1380823.0,1403694.0,0.983706562826371
Wisconsin,Jun,11098.0,289436.0,300534.0,21236,1380823.0,1403694.0,0.983706562826371
Wisconsin,Mar,1584.0,17356.0,18940.0,135,1380823.0,1403694.0,0.983706562826371
Wisconsin,May,12512.0,180709.0,193221.0,13922,1380823.0,1403694.0,0.983706562826371
Wisconsin,Oct,58705.0,289636.0,348341.0,29733,1380823.0,1403694.0,0.983706562826371
Wisconsin,Sep,48555.0,250393.0,298948.0,36898,1380823.0,1403694.0,0.983706562826371
Wyoming,Apr,450.0,6903.0,7353.0,82,55949.0,174248.0,0.32108833386896835
Wyoming,Aug,1116.0,21858.0,22974.0,991,55949.0,174248.0,0.32108833386896835
Wyoming,Jul,1239.0,18388.0,19627.0,710,55949.0,174248.0,0.32108833386896835
Wyoming,Jun,584.0,8695.0,9279.0,555,55949.0,174248.0,0.32108833386896835
Wyoming,Mar,109.0,1999.0,2108.0,0,55949.0,174248.0,0.32108833386896835
Wyoming,May,344.0,14588.0,14932.0,300,55949.0,174248.0,0.32108833386896835
Wyoming,Oct,3578.0,13542.0,17120.0,1101,55949.0,174248.0,0.32108833386896835
Wyoming,Sep,2106.0,22781.0,24887.0,1375,55949.0,174248.0,0.32108833386896835
